Domain,ID,Question / Data Point,Response Type,Suggested Response / Unit,Evidence,KPI / Indicator,Red-Flag Logic,Severity,Dashboard View,Suggested Intervention
School,S01,School name & UDISE+ code?,Dropdown + ID,Name + valid UDISE+,Register / UDISE record,School identification,Invalid/missing UDISE+,High,School Master Map,Verify master data
School,S02,Classes covered and total enrolment by boys and girls?,Numbers,Classes; boys; girls,Admission register,Enrolment & gender profile,Major unexplained enrolment change,Medium,Enrolment Card,Verify enrolment
School,S03,"How many teachers are sanctioned, working and present today?",Numbers,Sanctioned / working / present,Staff record + attendance,Teacher availability rate,Vacancy or attendance gap,High,HR Scorecard,Staffing/attendance action
School,S04,What is the average student attendance for the last 30 days?,Percentage,%,Attendance register,Attendance rate,<75%,High,Attendance Trend,Attendance improvement plan
School,S05,How many students are frequently absent or at risk of dropping out?,Number,Count + optional %,Attendance / counselling record,At-risk student count,High concentration of at-risk students,Critical,Student Risk Map,Case follow-up
School,S06,What proportion of foundational-stage students are meeting expected FLN competencies?,Percentage,% by reading / writing / numeracy,Assessment record / sample assessment,FLN proficiency,<70% meeting benchmark,Critical,FLN Dashboard,Remedial FLN plan
School,S07,"Are FLN/TLM materials available, age-appropriate and actually being used in classrooms?",Rating,0–3: absent / available / used / routinely used,Photographs + classroom observation,TLM availability & utilisation,Available but not used,High,FLN/TLM Utilisation,Teacher support
School,S08,Are teachers using activity-based / experiential methods appropriate to the grade?,Rating,1–5 observation score,Classroom observation,Pedagogy score,≤2,Medium,Teaching Quality,Academic mentoring
School,S09,"Is guidance and counselling available for students, and how many students received support recently?",Yes/No + Number,Available?; students counselled/month,Counselling register,Counselling coverage,No service or zero uptake where need exists,High,Student Support,Counselling linkage
School,S10,Are functional audio-visual/digital facilities available and used for teaching?,Rating,Absent / available / functional / regularly used,Photo + observation,AV/digital utilisation,Functional but unused,Medium,Digital Learning,Digital pedagogy support
School,S11,"Are drinking water, functional toilets, handwashing and girls' WASH facilities available?",Checklist,Yes / No / Partial,Photographs,WASH functionality,Any critical facility absent,Critical,WASH Heatmap,Immediate repair/provision
School,S12,"Are fire-safety arrangements available, accessible and recently checked?",Checklist + Date,Extinguishers / exits / alarm / drill / inspection date,Photos + inspection record,Fire Safety Readiness,"No extinguisher, blocked exit or no drill/inspection",Critical,Safety Dashboard,Immediate safety action
School,S13,Are CWSN/inclusive education facilities and reasonable accommodations available?,Checklist,Yes / No / Partial / NA,Photo + school record,Inclusion readiness,Identified CWSN without support,High,Inclusion Dashboard,Accessibility/support
School,S14,"Is any NGO/trust/CSR organisation currently supporting the school, and what measurable change has resulted?",Structured + Narrative,Organisation; activity; beneficiaries; duration; outcome,MoU/report/photo/before-after data,External Support & Impact,Activity reported but no evidence/outcome,Medium,Convergence & CSR Map,Document impact / coordinate
School,S15,"What are the school's three biggest gaps, and what single intervention would make the biggest difference?",Top-3 + Priority,Ranked gaps + one priority,Photo/record where applicable,Priority Need Index,Critical gap identified,High,School Priority Matrix,Create action plan
Anganwadi,A01,Anganwadi name and centre code?,Dropdown + ID,Name + centre code,Register / POSHAN Tracker,Centre identification,Invalid/missing code,High,Anganwadi Master Map,Verify master data
Anganwadi,A02,"How many registered children are there, by age and gender?",Numbers,Age groups + boys/girls,Register / POSHAN Tracker,Beneficiary profile,Large unexplained mismatch,Medium,Beneficiary Card,Reconcile records
Anganwadi,A03,How many registered children attend regularly?,Number + %,Count and attendance %,Attendance register,Attendance rate,<75%,High,Attendance Trend,Community mobilisation
Anganwadi,A04,How many pregnant women and lactating mothers are registered and receiving services?,Numbers,Pregnant / lactating,Register / POSHAN Tracker,Maternal beneficiary coverage,Registered but not receiving service,High,Maternal Support,Follow-up
Anganwadi,A05,Is supplementary nutrition / THR / hot cooked meal being provided as scheduled?,Checklist,Regular / intermittent / not provided,Stock/distribution record + photo,Nutrition service continuity,Missed distribution,Critical,Nutrition Supply Monitor,Supply/escalation
Anganwadi,A06,Is growth monitoring being conducted on schedule with functional weighing/height equipment?,Checklist,Equipment status + frequency,Equipment photo + growth records,Growth Monitoring Coverage,Equipment unavailable or measurements overdue,Critical,Growth Monitoring,Repair/replacement + follow-up
Anganwadi,A07,"How many children are identified as nutritionally vulnerable, and how many received follow-up/referral?",Numbers,Vulnerable / followed-up / referred,Growth record + referral record,Vulnerability & follow-up rate,Vulnerable child without follow-up,Critical,Nutrition Risk Map,Case management/referral
Anganwadi,A08,Are preschool/ECCE activities conducted regularly using age-appropriate play-based methods?,Rating,1–5 + sessions/week,Observation + activity record,ECCE activity score,≤2 or no regular sessions,High,ECCE Dashboard,ECCE mentoring
Anganwadi,A09,"Are learning materials, toys and local-language TLM available, usable and actually used?",Rating,Absent / available / used / regularly used,Photos + observation,ECCE/TLM utilisation,Available but not used,Medium,TLM Dashboard,Material/worker support
Anganwadi,A10,"Are drinking water, toilet, handwashing, ventilation and child-safe space adequate?",Checklist,Yes / No / Partial,Photos,Centre WASH & safety,Any critical gap,High,AWW Infrastructure,Repair/provision
Anganwadi,A11,"Are health check-ups, immunisation coordination and referrals functioning regularly?",Checklist + Frequency,Frequency + referral status,Health record / VHND record,Health service coverage,Missed sessions or unresolved referrals,High,Health Convergence,Coordinate with health team
Anganwadi,A12,Is the centre using POSHAN Tracker/required records accurately and on time?,Rating,1–5 or % records updated,Screenshot + register,Data timeliness & accuracy,Field record differs from digital record,Critical,Data Integrity,Reconciliation/training
Anganwadi,A13,Are fire-safety and emergency arrangements adequate for children at the centre?,Checklist,Extinguisher/exit/emergency contact,Photos,Child Safety Readiness,No basic emergency arrangement,Critical,Safety Dashboard,Immediate safety action
Anganwadi,A14,"Is any NGO/trust/CSR organisation supporting the Anganwadi, and what measurable impact has it created?",Structured + Narrative,Organisation; support; beneficiaries; outcome,MoU/report/photo/before-after data,External Support & Impact,No evidence of claimed impact,Medium,Convergence & CSR Map,Coordinate/document impact
Anganwadi,A15,"What are the three biggest Anganwadi gaps, and what support would create the greatest improvement?",Top-3 + Priority,Ranked gaps + one priority,Photo/record where applicable,Priority Need Index,Critical service gap,High,Anganwadi Priority Matrix,Create action plan
PHC/Health Facility,P01,"Facility name, facility type and population/area covered?",Structured,Name; PHC type; population; villages,Facility record,Facility profile & reach,Coverage data unavailable,Medium,PHC Master Map,Verify catchment
PHC/Health Facility,P02,"How many doctors, nurses, ANM/MPW and other staff are sanctioned, working and present?",Numbers,Sanctioned / working / present,HR record + attendance,Staff availability rate,Critical vacancy/absence,Critical,PHC HR Scorecard,Staffing/escalation
PHC/Health Facility,P03,What is the approximate OPD/patient load for the last 30 days?,Number,Patients/month,OPD register/HMIS,Service utilisation,Sudden unexplained drop/spike,Medium,OPD Trend,Verify cause
PHC/Health Facility,P04,"Are essential medicines available today, and were there stock-outs in the last 30 days?",Checklist + Number,Available / stock-out days,Stock register + photo,Medicine availability,Critical medicine stock-out,Critical,Medicine Stock Monitor,Replenishment
PHC/Health Facility,P05,Are essential/basic diagnostics available and functional?,Checklist,Available / functional / unavailable,Equipment + lab record,Diagnostic readiness,Critical diagnostic unavailable,High,Diagnostics Dashboard,Repair/procurement
PHC/Health Facility,P06,"Which maternal health services are available, and are referrals completed when required?",Checklist + Number,ANC/PNC/delivery/referral,Registers/referral records,Maternal service coverage,Uncompleted high-risk referral,Critical,Maternal Health,Referral escalation
PHC/Health Facility,P07,Are child health and immunisation services available and regularly coordinated?,Checklist + Frequency,Services + session frequency,Immunisation/VHND record,Child health coverage,Missed sessions/low coverage,High,Child Health,Convergence action
PHC/Health Facility,P08,"Are NCD screening, treatment and follow-up services available for eligible patients?",Checklist + Numbers,Screened / treated / follow-up,NCD register,NCD service coverage,Screening without follow-up,High,NCD Dashboard,Follow-up system
PHC/Health Facility,P09,"Are mental-health, counselling, first-aid and emergency/trauma response arrangements available?",Checklist,Available / partial / absent,Facility observation + record,Comprehensive PHC readiness,No emergency/first-aid arrangement,Critical,Clinical Readiness,Immediate preparedness action
PHC/Health Facility,P10,"What are the three most common health problems in the catchment, and what are the major reasons for referral outside the facility?",Top-3 + Narrative,Problems + referral reasons,OPD/referral records,Community Health Profile,High avoidable referral burden,High,Community Health Map,Service-gap intervention
PHC/Health Facility,P11,"Are fire-safety systems, emergency exits and evacuation arrangements functional and recently checked?",Checklist + Date,Extinguisher/exits/alarm/drill/inspection,Photos + inspection record,Fire Safety Readiness,Blocked exit/no extinguisher/no inspection,Critical,Safety Dashboard,Immediate safety action
PHC/Health Facility,P12,"Are power backup, water, sanitation, biomedical waste management and infection-control arrangements adequate?",Checklist,Yes / No / Partial,Photos + records,Facility Readiness,Critical utility/infection-control gap,Critical,Facility Readiness,Immediate corrective action
PHC/Health Facility,P13,Does the facility's physical service delivery match its registers/HMIS/digital records?,Yes/No + %,Match / mismatch %,Register + digital screenshot,Data integrity,Mismatch >10%,Critical,Data Integrity,Reconciliation/audit
PHC/Health Facility,P14,"Is any NGO/trust/CSR organisation supporting the PHC, and what measurable health outcome or service improvement resulted?",Structured + Narrative,Organisation; support; beneficiaries; outcome,MoU/report/photo/before-after data,External Support & Impact,Activity without measurable outcome,Medium,Convergence & CSR Map,Coordinate/document impact
PHC/Health Facility,P15,"What are the three biggest health-system gaps, and what one intervention would have the greatest impact?",Top-3 + Priority,Ranked gaps + one priority,Records/evidence,Priority Need Index,Critical service gap,High,PHC Priority Matrix,Create action plan
