merged_id,applies_to,section,canonical_text,response_type,severity,scored_default,rubric_type_default,evidence_upload_default,evidence_hint,red_flag_logic,suggested_intervention,source_csv_id,source_zip_q,merge_action,notes
REG-SCH,SCHOOL,REGISTRY,School name & UDISE+ code?,Dropdown + ID,High,N,NONE,N,Register / UDISE record,Invalid/missing UDISE+,Verify master data,S01,8,MOVED_TO_REGISTRY,Name + UDISE+ captured when the pilot location is created (restricted fields). Dashboards show the code only.
REG-AWC,ANGANWADI,REGISTRY,Anganwadi name and centre code?,Dropdown + ID,High,N,NONE,N,Register / POSHAN Tracker,Invalid/missing code,Verify master data,A01,23,MOVED_TO_REGISTRY,Name + centre code captured at pilot-location creation (restricted).
REG-LOC,ALL,REGISTRY,Village name / locality?,Text,Medium,N,NONE,N,,,,,1,MOVED_TO_REGISTRY,Village/locality = restricted registry field.
REG-HLT,HEALTH,REGISTRY,Facility name?,Text,Medium,N,NONE,N,,,,,34,MOVED_TO_REGISTRY,Facility name captured at creation (restricted); population/area covered stays as P01 in the audit.
C01,ALL,COMMUNITY_PROFILE,Approx. population / households?,Mixed,Medium,N,NONE,N,,,,,2,UNIQUE_ZIP,Context question; not scored.
C02,ALL,COMMUNITY_PROFILE,What are the 3 biggest issues affecting the village?,Mixed,Medium,N,NONE,N,,,,,3,UNIQUE_ZIP,Context question; not scored.
C03,ALL,COMMUNITY_PROFILE,Which government services are most used here?,Mixed,Medium,N,NONE,N,,,,,4,UNIQUE_ZIP,Context question; not scored.
C04,ALL,COMMUNITY_PROFILE,Which important services are difficult to access?,Mixed,Medium,N,NONE,N,,,,,5,UNIQUE_ZIP,Context question; not scored.
C05,ALL,COMMUNITY_PROFILE,Are there seasonal problems affecting families?,Mixed,Medium,N,NONE,N,,,,,6,UNIQUE_ZIP,Context question; not scored.
C06,ALL,COMMUNITY_PROFILE,Which groups need the most support?,Mixed,Medium,N,NONE,N,,,,,7,UNIQUE_ZIP,Context question; not scored.
S02,SCHOOL,SCHOOL,Classes covered and total enrolment by boys and girls?,Numbers,Medium,N,NONE,Y,Admission register,Major unexplained enrolment change,Verify enrolment,S02,9;10,MERGED,Zip Q9 (classes) + Q10 (enrolment) folded into CSV S02. No baseline to score against.
S03,SCHOOL,SCHOOL,"How many teachers are sanctioned, working and present today?",Numbers,High,Y,RATIO(working/sanctioned; present/sanctioned),Y,Staff record + attendance,Vacancy or attendance gap,Staffing/attendance action,S03,11,MERGED,Zip Q11 folded in (adds present-today).
S04,SCHOOL,SCHOOL,What is the average student attendance for the last 30 days?,Percentage,High,Y,PERCENT_THRESHOLD(>=75),Y,Attendance register,<75%,Attendance improvement plan,S04,12,MERGED,Zip Q12 folded in.
S05,SCHOOL,SCHOOL,How many students are frequently absent or at risk of dropping out?,Number,Critical,N,NONE (owner to set threshold),Y,Attendance / counselling record,High concentration of at-risk students,Case follow-up,S05,13,MERGED,"Zip Q13 folded in. CSV gives no numeric threshold for ""high concentration""."
S06,SCHOOL,SCHOOL,What proportion of foundational-stage students are meeting expected FLN competencies?,Percentage,Critical,Y,PERCENT_THRESHOLD(>=70),Y,Assessment record / sample assessment,<70% meeting benchmark,Remedial FLN plan,S06,14;15,MERGED,Zip Q14 (learning concerns) + Q15 (remedial count) kept as supporting sub-fields.
S07,SCHOOL,SCHOOL,"Are FLN/TLM materials available, age-appropriate and actually being used in classrooms?",Rating,High,Y,RATING_1_5,Y,Photographs + classroom observation,Available but not used,Teacher support,S07,,CSV_ONLY,
S08,SCHOOL,SCHOOL,Are teachers using activity-based / experiential methods appropriate to the grade?,Rating,Medium,Y,RATING_1_5,Y,Classroom observation,≤2,Academic mentoring,S08,,CSV_ONLY,
S09,SCHOOL,SCHOOL,"Is guidance and counselling available for students, and how many students received support recently?",Yes/No + Number,High,Y,YESNO_WITH_COUNT,Y,Counselling register,No service or zero uptake where need exists,Counselling linkage,S09,,CSV_ONLY,
S10,SCHOOL,SCHOOL,Are functional audio-visual/digital facilities available and used for teaching?,Rating,Medium,Y,GRID_AFU(score_used=true),Y,Photo + observation,Functional but unused,Digital pedagogy support,S10,19,MERGED,"Zip Q19 grid (electricity/internet/digital) replaces CSV rating; ""used"" is scored because CSV flags functional-but-unused."
S11,SCHOOL,SCHOOL,"Are drinking water, functional toilets, handwashing and girls' WASH facilities available?",Checklist,Critical,Y,GRID_AFU(score_used=false),Y,Photographs,Any critical facility absent,Immediate repair/provision,S11,17;18,MERGED,Zip Q17 (water) + Q18 (toilets boys/girls/CWSN) + handwashing row. Water row max = 2 (available + functional).
S12,SCHOOL,SCHOOL,"Are fire-safety arrangements available, accessible and recently checked?",Checklist + Date,Critical,Y,CHECKLIST_YNP,Y,Photos + inspection record,"No extinguisher, blocked exit or no drill/inspection",Immediate safety action,S12,,CSV_ONLY,
S13,SCHOOL,SCHOOL,Are CWSN/inclusive education facilities and reasonable accommodations available?,Checklist,High,Y,CHECKLIST_YNP,Y,Photo + school record,Identified CWSN without support,Accessibility/support,S13,16,MERGED,Zip Q16 (CWSN count) kept as supporting field.
S14,SCHOOL,SCHOOL,"Is any NGO/trust/CSR organisation currently supporting the school, and what measurable change has resulted?",Structured + Narrative,Medium,N,NONE,Y,MoU/report/photo/before-after data,Activity reported but no evidence/outcome,Document impact / coordinate,S14,,CSV_ONLY,Informational; evidence expected.
S15,SCHOOL,SCHOOL,"What are the school's three biggest gaps, and what single intervention would make the biggest difference?",Top-3 + Priority,High,N,NONE,N,Photo/record where applicable,Critical gap identified,Create action plan,S15,21;22,MERGED,Zip Q21 (3 gaps) + Q22 (support needed) folded in.
S16,SCHOOL,SCHOOL,Library / laboratory / playground / classroom adequacy?,Text,Medium,N,NONE,N,,,,,20,UNIQUE_ZIP,Library / lab / playground / classroom condition.
A02,ANGANWADI,ANGANWADI,"How many registered children are there, by age and gender?",Numbers,Medium,N,NONE,Y,Register / POSHAN Tracker,Large unexplained mismatch,Reconcile records,A02,24,MERGED,Zip Q24 folded in.
A03,ANGANWADI,ANGANWADI,How many registered children attend regularly?,Number + %,High,Y,PERCENT_THRESHOLD(>=75),Y,Attendance register,<75%,Community mobilisation,A03,25,MERGED,
A04,ANGANWADI,ANGANWADI,How many pregnant women and lactating mothers are registered and receiving services?,Numbers,High,Y,RATIO(receiving/registered),Y,Register / POSHAN Tracker,Registered but not receiving service,Follow-up,A04,26,MERGED,
A05,ANGANWADI,ANGANWADI,Is supplementary nutrition / THR / hot cooked meal being provided as scheduled?,Checklist,Critical,Y,CHECKLIST_YNP,Y,Stock/distribution record + photo,Missed distribution,Supply/escalation,A05,27,MERGED,
A06,ANGANWADI,ANGANWADI,Is growth monitoring being conducted on schedule with functional weighing/height equipment?,Checklist,Critical,Y,CHECKLIST_YNP,Y,Equipment photo + growth records,Equipment unavailable or measurements overdue,Repair/replacement + follow-up,A06,28,MERGED,
A07,ANGANWADI,ANGANWADI,"How many children are identified as nutritionally vulnerable, and how many received follow-up/referral?",Numbers,Critical,Y,RATIO(followed_up/identified),Y,Growth record + referral record,Vulnerable child without follow-up,Case management/referral,A07,29,MERGED,
A08,ANGANWADI,ANGANWADI,Are preschool/ECCE activities conducted regularly using age-appropriate play-based methods?,Rating,High,Y,RATING_1_5,Y,Observation + activity record,≤2 or no regular sessions,ECCE mentoring,A08,30,MERGED,
A09,ANGANWADI,ANGANWADI,"Are learning materials, toys and local-language TLM available, usable and actually used?",Rating,Medium,Y,GRID_AFU(score_used=true),Y,Photos + observation,Available but not used,Material/worker support,A09,31,MERGED,
A10,ANGANWADI,ANGANWADI,"Are drinking water, toilet, handwashing, ventilation and child-safe space adequate?",Checklist,High,Y,CHECKLIST_YNP,Y,Photos,Any critical gap,Repair/provision,A10,,CSV_ONLY,
A11,ANGANWADI,ANGANWADI,"Are health check-ups, immunisation coordination and referrals functioning regularly?",Checklist + Frequency,High,Y,CHECKLIST_YNP,Y,Health record / VHND record,Missed sessions or unresolved referrals,Coordinate with health team,A11,32,MERGED,
A12,ANGANWADI,ANGANWADI,Is the centre using POSHAN Tracker/required records accurately and on time?,Rating,Critical,Y,RATING_1_5,Y,Screenshot + register,Field record differs from digital record,Reconciliation/training,A12,,CSV_ONLY,
A13,ANGANWADI,ANGANWADI,Are fire-safety and emergency arrangements adequate for children at the centre?,Checklist,Critical,Y,CHECKLIST_YNP,Y,Photos,No basic emergency arrangement,Immediate safety action,A13,,CSV_ONLY,
A14,ANGANWADI,ANGANWADI,"Is any NGO/trust/CSR organisation supporting the Anganwadi, and what measurable impact has it created?",Structured + Narrative,Medium,N,NONE,Y,MoU/report/photo/before-after data,No evidence of claimed impact,Coordinate/document impact,A14,,CSV_ONLY,
A15,ANGANWADI,ANGANWADI,"What are the three biggest Anganwadi gaps, and what support would create the greatest improvement?",Top-3 + Priority,High,N,NONE,N,Photo/record where applicable,Critical service gap,Create action plan,A15,33,MERGED,
P01,HEALTH,HEALTH,"Facility name, facility type and population/area covered?",Structured,Medium,N,NONE,Y,Facility record,Coverage data unavailable,Verify catchment,P01,,CSV_ONLY,Facility type + population covered only (name moved to registry).
P02,HEALTH,HEALTH,"How many doctors, nurses, ANM/MPW and other staff are sanctioned, working and present?",Numbers,Critical,Y,RATIO(working/sanctioned; present/sanctioned),Y,HR record + attendance,Critical vacancy/absence,Staffing/escalation,P02,35,MERGED,
P03,HEALTH,HEALTH,What is the approximate OPD/patient load for the last 30 days?,Number,Medium,N,NONE,Y,OPD register/HMIS,Sudden unexplained drop/spike,Verify cause,P03,36,MERGED,
P04,HEALTH,HEALTH,"Are essential medicines available today, and were there stock-outs in the last 30 days?",Checklist + Number,Critical,Y,CHECKLIST_YNP,Y,Stock register + photo,Critical medicine stock-out,Replenishment,P04,37,MERGED,
P05,HEALTH,HEALTH,Are essential/basic diagnostics available and functional?,Checklist,High,Y,GRID_AFU(score_used=false),Y,Equipment + lab record,Critical diagnostic unavailable,Repair/procurement,P05,38,MERGED,
P06,HEALTH,HEALTH,"Which maternal health services are available, and are referrals completed when required?",Checklist + Number,Critical,Y,CHECKLIST_YNP,Y,Registers/referral records,Uncompleted high-risk referral,Referral escalation,P06,39,MERGED,
P07,HEALTH,HEALTH,Are child health and immunisation services available and regularly coordinated?,Checklist + Frequency,High,Y,CHECKLIST_YNP,Y,Immunisation/VHND record,Missed sessions/low coverage,Convergence action,P07,40,MERGED,
P08,HEALTH,HEALTH,"Are NCD screening, treatment and follow-up services available for eligible patients?",Checklist + Numbers,High,Y,CHECKLIST_YNP,Y,NCD register,Screening without follow-up,Follow-up system,P08,41,MERGED,
P09,HEALTH,HEALTH,"Are mental-health, counselling, first-aid and emergency/trauma response arrangements available?",Checklist,Critical,Y,CHECKLIST_YNP,Y,Facility observation + record,No emergency/first-aid arrangement,Immediate preparedness action,P09,,CSV_ONLY,
P10,HEALTH,HEALTH,"What are the three most common health problems in the catchment, and what are the major reasons for referral outside the facility?",Top-3 + Narrative,High,N,NONE,Y,OPD/referral records,High avoidable referral burden,Service-gap intervention,P10,42;43,MERGED,Zip Q42 (common problems) + Q43 (referral reasons) folded in.
P11,HEALTH,HEALTH,"Are fire-safety systems, emergency exits and evacuation arrangements functional and recently checked?",Checklist + Date,Critical,Y,CHECKLIST_YNP,Y,Photos + inspection record,Blocked exit/no extinguisher/no inspection,Immediate safety action,P11,,CSV_ONLY,
P12,HEALTH,HEALTH,"Are power backup, water, sanitation, biomedical waste management and infection-control arrangements adequate?",Checklist,Critical,Y,CHECKLIST_YNP,Y,Photos + records,Critical utility/infection-control gap,Immediate corrective action,P12,,CSV_ONLY,
P13,HEALTH,HEALTH,Does the facility's physical service delivery match its registers/HMIS/digital records?,Yes/No + %,Critical,Y,PERCENT_THRESHOLD(mismatch<=10),Y,Register + digital screenshot,Mismatch >10%,Reconciliation/audit,P13,,CSV_ONLY,
P14,HEALTH,HEALTH,"Is any NGO/trust/CSR organisation supporting the PHC, and what measurable health outcome or service improvement resulted?",Structured + Narrative,Medium,N,NONE,Y,MoU/report/photo/before-after data,Activity without measurable outcome,Coordinate/document impact,P14,,CSV_ONLY,
P15,HEALTH,HEALTH,"What are the three biggest health-system gaps, and what one intervention would have the greatest impact?",Top-3 + Priority,High,N,NONE,N,Records/evidence,Critical service gap,Create action plan,P15,45,MERGED,
P16,HEALTH,HEALTH,Major health-access barriers?,Checklist + Narrative,Medium,N,NONE,N,,,,,44,UNIQUE_ZIP,Major health-access barriers.
C07,ALL,COMMUNITY_INTERACTION,Where do families usually go when someone is sick?,Mixed,Medium,N,NONE,N,,,,,46,UNIQUE_ZIP,Household-interaction question; not scored.
C08,ALL,COMMUNITY_INTERACTION,How easy is it to reach the health facility?,Mixed,Medium,N,NONE,N,,,,,47,UNIQUE_ZIP,Household-interaction question; not scored.
C09,ALL,COMMUNITY_INTERACTION,Do children generally attend school regularly?,Mixed,Medium,N,NONE,N,,,,,48,UNIQUE_ZIP,Household-interaction question; not scored.
C10,ALL,COMMUNITY_INTERACTION,What makes school attendance difficult?,Mixed,Medium,N,NONE,N,,,,,49,UNIQUE_ZIP,Household-interaction question; not scored.
C11,ALL,COMMUNITY_INTERACTION,Do families use the Anganwadi regularly?,Mixed,Medium,N,NONE,N,,,,,50,UNIQUE_ZIP,Household-interaction question; not scored.
C12,ALL,COMMUNITY_INTERACTION,Are people aware of major government services/schemes?,Mixed,Medium,N,NONE,N,,,,,51,UNIQUE_ZIP,Household-interaction question; not scored.
C13,ALL,COMMUNITY_INTERACTION,Which services are received but not fully accessible / satisfactory?,Mixed,Medium,N,NONE,N,,,,,52,UNIQUE_ZIP,Household-interaction question; not scored.
C14,ALL,COMMUNITY_INTERACTION,Biggest problem facing children?,Mixed,Medium,N,NONE,N,,,,,53,UNIQUE_ZIP,Household-interaction question; not scored.
C15,ALL,COMMUNITY_INTERACTION,Biggest problem facing families?,Mixed,Medium,N,NONE,N,,,,,54,UNIQUE_ZIP,Household-interaction question; not scored.
C16,ALL,COMMUNITY_INTERACTION,"If one thing could be improved, what should it be?",Mixed,Medium,N,NONE,N,,,,,55,UNIQUE_ZIP,Household-interaction question; not scored.
F01,SCHOOL,PHYSICAL_VERIFICATION,School physically verified?,Yes/No,High,N,NONE,N,,,,,56,UNIQUE_ZIP,"Verification flag, not scored."
F02,ANGANWADI,PHYSICAL_VERIFICATION,Anganwadi physically verified?,Yes/No,High,N,NONE,N,,,,,57,UNIQUE_ZIP,
F03,HEALTH,PHYSICAL_VERIFICATION,PHC / health facility physically verified?,Yes/No,High,N,NONE,N,,,,,58,UNIQUE_ZIP,
F04,ALL,PHYSICAL_VERIFICATION,Facilities claimed as available but found non-functional?,Narrative,High,N,NONE,Y,,,,,59,UNIQUE_ZIP,Claimed-available-but-non-functional notes; evidence expected.
F05,ALL,PHYSICAL_VERIFICATION,Any major observation not captured above?,Narrative,Medium,N,NONE,Y,,,,,61,UNIQUE_ZIP,
(RETIRED),ALL,—,Photographs / documentary evidence collected?,,,N,NONE,N,,,,,60,RETIRED,Replaced by the per-question evidence-upload option.
G01,SCHOOL,SUMMARY,Education – key baseline finding,Narrative,Medium,N,NONE,N,,,,,62,UNIQUE_ZIP,Narrative summary; not scored.
G02,ANGANWADI,SUMMARY,Early Childhood – key baseline finding,Narrative,Medium,N,NONE,N,,,,,63,UNIQUE_ZIP,Narrative summary; not scored.
G03,HEALTH,SUMMARY,Health – key baseline finding,Narrative,Medium,N,NONE,N,,,,,64,UNIQUE_ZIP,Narrative summary; not scored.
G04,ALL,SUMMARY,Community – key baseline finding,Narrative,Medium,N,NONE,N,,,,,65,UNIQUE_ZIP,Narrative summary; not scored.
G05,ALL,SUMMARY,Convergence gap: School ↔ Anganwadi ↔ Health ↔ Community,Narrative,Medium,N,NONE,N,,,,,66,UNIQUE_ZIP,Narrative summary; not scored.
G06,ALL,SUMMARY,Top 5 measurable indicators for future follow-up,Narrative,Medium,N,NONE,N,,,,,67,UNIQUE_ZIP,Narrative summary; not scored.
